Workbook

Sheet 기존데이터
A1: place_id | B1: 이름 | C1: 지역 | D1: 유형 | E1: 실내여부 | F1: 예산 | G1: 평점 | H1: 추천목적 | I1: 추천상황 | J1: 추천대상
A2: 1 | B2: 강릉 시립도서관 | C2: 강릉 | D2: 학습 | E2: 실내 | F2: 0 | G2: 4.3 | H2: 공부 | I2: 비오는날 | J2: 혼자
A3: 2 | B3: 강릉 중앙시장 | C3: 강릉 | D3: 음식 | E3: 실내 | F3: 10000 | G3: 4.2 | H3: 식사 | I3: 저렴한곳 | J3: 친구
A4: 3 | B4: 속초해변 | C4: 속초 | D4: 관광 | E4: 실외 | F4: 0 | G4: 4.6 | H4: 산책 | I4: 맑은날 | J4: 가족
A5: 4 | B5: 춘천 시립도서관 | C5: 춘천 | D5: 학습 | E5: 실내 | F5: 0 | G5: 4.1 | H5: 공부 | I5: 조용한곳 | J5: 혼자
A6: 5 | B6: 감자밭 | C6: 춘천 | D6: 카페 | E6: 실내외 | F6: 15000 | G6: 4.5 | H6: 데이트 | I6: 여행 | J6: 친구

Sheet 장소정보
A1: place_id | B1: 이름 | C1: 지역 | D1: 유형 | E1: 실내여부 | F1: 평점
A2: 1 | B2: 강릉 시립도서관 | C2: 강릉 | D2: 학습 | E2: 실내 | F2: 4.3
A3: 2 | B3: 강릉 중앙시장 | C3: 강릉 | D3: 음식 | E3: 실내 | F3: 4.2
A4: 3 | B4: 속초해변 | C4: 속초 | D4: 관광 | E4: 실외 | F4: 4.6
A5: 4 | B5: 춘천 시립도서관 | C5: 춘천 | D5: 학습 | E5: 실내 | F5: 4.1
A6: 5 | B6: 감자밭 | C6: 춘천 | D6: 카페 | E6: 실내외 | F6: 4.5

Sheet 추천정보
A1: 추천ID | B1: place_id | C1: 추천목적 | D1: 추천상황 | E1: 추천대상 | F1: 예산 | G1: 추천활동 | H1: 소요시간 | I1: 예약필요
A2: R001 | B2: 1 | C2: 공부 | D2: 비오는날 | E2: 혼자 | F2: 0 | G2: 조용한 자습 | H2: 2~3시간 | I2: X
A3: R002 | B3: 1 | C3: 독서 | D3: 조용한곳 | E3: 혼자 | F3: 0 | G3: 관심 분야 책 읽기 | H3: 1~2시간 | I3: X
A4: R003 | B4: 1 | C4: 팀플 | D4: 시험기간 | E4: 친구 | F4: 0 | G4: 자료 조사 및 발표 준비 | H4: 2시간 | I4: X
A5: R004 | B5: 2 | C5: 식사 | D5: 저렴한곳 | E5: 친구 | F5: 10000 | G5: 시장 음식 먹기 | H5: 1시간 | I5: X
A6: R005 | B6: 2 | C6: 간식 | D6: 비오는날 | E6: 친구 | F6: 5000 | G6: 분식·간식 먹기 | H6: 30분 | I6: X
A7: R006 | B7: 2 | C7: 관광 | D7: 여행 | E7: 가족 | F7: 12000 | G7: 지역 먹거리 체험 | H7: 1~2시간 | I7: X
A8: R007 | B8: 3 | C8: 산책 | D8: 맑은날 | E8: 가족 | F8: 0 | G8: 해변 산책 | H8: 1시간 | I8: X
A9: R008 | B9: 3 | C9: 사진촬영 | D9: 노을 | E9: 친구 | F9: 0 | G9: 바다 사진 찍기 | H9: 1시간 | I9: X
A10: R009 | B10: 3 | C10: 휴식 | D10: 여행 | E10: 혼자 | F10: 0 | G10: 바다 보며 쉬기 | H10: 1~2시간 | I10: X
A11: R010 | B11: 4 | C11: 공부 | D11: 조용한곳 | E11: 혼자 | F11: 0 | G11: 자습 및 과제 | H11: 2~3시간 | I11: X
A12: R011 | B12: 4 | C12: 독서 | D12: 비오는날 | E12: 가족 | F12: 0 | G12: 가족 독서 시간 | H12: 1시간 | I12: X
A13: R012 | B13: 4 | C13: 진로 | D13: 시험기간 | E13: 친구 | F13: 0 | G13: 진로 자료 탐색 | H13: 1~2시간 | I13: X
... A16: R015 | B16: 5 | C16: 간식 | D16: 여행 | E16: 가족 | F16: 20000 | G16: 감자빵 먹기 | H16: 1시간 | I16: X

Sheet 조인결과예시
A1: 추천ID | B1: place_id | C1: 이름 | D1: 지역 | E1: 유형 | F1: 실내여부 | G1: 평점 | H1: 추천목적 | I1: 추천상황 | J1: 추천대상 | K1: 예산 | L1: 추천활동 | M1: 예약필요
A2: =추천정보!A2 -> R001 | B2: =추천정보!B2 -> 1 | C2: =XLOOKUP(B2,장소정보!$A:$A,장소정보!$B:$B,"") -> #NAME? | D2: =XLOOKUP(B2,장소정보!$A:$A,장소정보!$C:$C,"") -> #NAME? | E2: =XLOOKUP(B2,장소정보!$A:$A,장소정보!$D:$D,"") -> #NAME? | F2: =XLOOKUP(B2,장소정보!$A:$A,장소정보!$E:$E,"") -> #NAME? | G2: =XLOOKUP(B2,장소정보!$A:$A,장소정보!$F:$F,"") -> #NAME? | H2: =추천정보!C2 -> 공부 | I2: =추천정보!D2 -> 비오는날 | J2: =추천정보!E2 -> 혼자 | K2: =추천정보!F2 -> 0 | L2: =추천정보!G2 -> 조용한 자습 | M2: =추천정보!I2 -> X
A3: =추천정보!A3 -> R002 | B3: =추천정보!B3 -> 1 | C3: =XLOOKUP(B3,장소정보!$A:$A,장소정보!$B:$B,"") -> #NAME? | D3: =XLOOKUP(B3,장소정보!$A:$A,장소정보!$C:$C,"") -> #NAME? | E3: =XLOOKUP(B3,장소정보!$A:$A,장소정보!$D:$D,"") -> #NAME? | F3: =XLOOKUP(B3,장소정보!$A:$A,장소정보!$E:$E,"") -> #NAME? | G3: =XLOOKUP(B3,장소정보!$A:$A,장소정보!$F:$F,"") -> #NAME? | H3: =추천정보!C3 -> 독서 | I3: =추천정보!D3 -> 조용한곳 | J3: =추천정보!E3 -> 혼자 | K3: =추천정보!F3 -> 0 | L3: =추천정보!G3 -> 관심 분야 책 읽기 | M3: =추천정보!I3 -> X
A4: =추천정보!A4 -> R003 | B4: =추천정보!B4 -> 1 | C4: =XLOOKUP(B4,장소정보!$A:$A,장소정보!$B:$B,"") -> #NAME? | D4: =XLOOKUP(B4,장소정보!$A:$A,장소정보!$C:$C,"") -> #NAME? | E4: =XLOOKUP(B4,장소정보!$A:$A,장소정보!$D:$D,"") -> #NAME? | F4: =XLOOKUP(B4,장소정보!$A:$A,장소정보!$E:$E,"") -> #NAME? | G4: =XLOOKUP(B4,장소정보!$A:$A,장소정보!$F:$F,"") -> #NAME? | H4: =추천정보!C4 -> 팀플 | I4: =추천정보!D4 -> 시험기간 | J4: =추천정보!E4 -> 친구 | K4: =추천정보!F4 -> 0 | L4: =추천정보!G4 -> 자료 조사 및 발표 준비 | M4: =추천정보!I4 -> X
A5: =추천정보!A5 -> R004 | B5: =추천정보!B5 -> 2 | C5: =XLOOKUP(B5,장소정보!$A:$A,장소정보!$B:$B,"") -> #NAME? | D5: =XLOOKUP(B5,장소정보!$A:$A,장소정보!$C:$C,"") -> #NAME? | E5: =XLOOKUP(B5,장소정보!$A:$A,장소정보!$D:$D,"") -> #NAME? | F5: =XLOOKUP(B5,장소정보!$A:$A,장소정보!$E:$E,"") -> #NAME? | G5: =XLOOKUP(B5,장소정보!$A:$A,장소정보!$F:$F,"") -> #NAME? | H5: =추천정보!C5 -> 식사 | I5: =추천정보!D5 -> 저렴한곳 | J5: =추천정보!E5 -> 친구 | K5: =추천정보!F5 -> 10000 | L5: =추천정보!G5 -> 시장 음식 먹기 | M5: =추천정보!I5 -> X
A6: =추천정보!A6 -> R005 | B6: =추천정보!B6 -> 2 | C6: =XLOOKUP(B6,장소정보!$A:$A,장소정보!$B:$B,"") -> #NAME? | D6: =XLOOKUP(B6,장소정보!$A:$A,장소정보!$C:$C,"") -> #NAME? | E6: =XLOOKUP(B6,장소정보!$A:$A,장소정보!$D:$D,"") -> #NAME? | F6: =XLOOKUP(B6,장소정보!$A:$A,장소정보!$E:$E,"") -> #NAME? | G6: =XLOOKUP(B6,장소정보!$A:$A,장소정보!$F:$F,"") -> #NAME? | H6: =추천정보!C6 -> 간식 | I6: =추천정보!D6 -> 비오는날 | J6: =추천정보!E6 -> 친구 | K6: =추천정보!F6 -> 5000 | L6: =추천정보!G6 -> 분식·간식 먹기 | M6: =추천정보!I6 -> X
A7: =추천정보!A7 -> R006 | B7: =추천정보!B7 -> 2 | C7: =XLOOKUP(B7,장소정보!$A:$A,장소정보!$B:$B,"") -> #NAME? | D7: =XLOOKUP(B7,장소정보!$A:$A,장소정보!$C:$C,"") -> #NAME? | E7: =XLOOKUP(B7,장소정보!$A:$A,장소정보!$D:$D,"") -> #NAME? | F7: =XLOOKUP(B7,장소정보!$A:$A,장소정보!$E:$E,"") -> #NAME? | G7: =XLOOKUP(B7,장소정보!$A:$A,장소정보!$F:$F,"") -> #NAME? | H7: =추천정보!C7 -> 관광 | I7: =추천정보!D7 -> 여행 | J7: =추천정보!E7 -> 가족 | K7: =추천정보!F7 -> 12000 | L7: =추천정보!G7 -> 지역 먹거리 체험 | M7: =추천정보!I7 -> X
A8: =추천정보!A8 -> R007 | B8: =추천정보!B8 -> 3 | C8: =XLOOKUP(B8,장소정보!$A:$A,장소정보!$B:$B,"") -> #NAME? | D8: =XLOOKUP(B8,장소정보!$A:$A,장소정보!$C:$C,"") -> #NAME? | E8: =XLOOKUP(B8,장소정보!$A:$A,장소정보!$D:$D,"") -> #NAME? | F8: =XLOOKUP(B8,장소정보!$A:$A,장소정보!$E:$E,"") -> #NAME? | G8: =XLOOKUP(B8,장소정보!$A:$A,장소정보!$F:$F,"") -> #NAME? | H8: =추천정보!C8 -> 산책 | I8: =추천정보!D8 -> 맑은날 | J8: =추천정보!E8 -> 가족 | K8: =추천정보!F8 -> 0 | L8: =추천정보!G8 -> 해변 산책 | M8: =추천정보!I8 -> X
A9: =추천정보!A9 -> R008 | B9: =추천정보!B9 -> 3 | C9: =XLOOKUP(B9,장소정보!$A:$A,장소정보!$B:$B,"") -> #NAME? | D9: =XLOOKUP(B9,장소정보!$A:$A,장소정보!$C:$C,"") -> #NAME? | E9: =XLOOKUP(B9,장소정보!$A:$A,장소정보!$D:$D,"") -> #NAME? | F9: =XLOOKUP(B9,장소정보!$A:$A,장소정보!$E:$E,"") -> #NAME? | G9: =XLOOKUP(B9,장소정보!$A:$A,장소정보!$F:$F,"") -> #NAME? | H9: =추천정보!C9 -> 사진촬영 | I9: =추천정보!D9 -> 노을 | J9: =추천정보!E9 -> 친구 | K9: =추천정보!F9 -> 0 | L9: =추천정보!G9 -> 바다 사진 찍기 | M9: =추천정보!I9 -> X
A10: =추천정보!A10 -> R009 | B10: =추천정보!B10 -> 3 | C10: =XLOOKUP(B10,장소정보!$A:$A,장소정보!$B:$B,"") -> #NAME? | D10: =XLOOKUP(B10,장소정보!$A:$A,장소정보!$C:$C,"") -> #NAME? | E10: =XLOOKUP(B10,장소정보!$A:$A,장소정보!$D:$D,"") -> #NAME? | F10: =XLOOKUP(B10,장소정보!$A:$A,장소정보!$E:$E,"") -> #NAME? | G10: =XLOOKUP(B10,장소정보!$A:$A,장소정보!$F:$F,"") -> #NAME? | H10: =추천정보!C10 -> 휴식 | I10: =추천정보!D10 -> 여행 | J10: =추천정보!E10 -> 혼자 | K10: =추천정보!F10 -> 0 | L10: =추천정보!G10 -> 바다 보며 쉬기 | M10: =추천정보!I10 -> X
A11: =추천정보!A11 -> R010 | B11: =추천정보!B11 -> 4 | C11: =XLOOKUP(B11,장소정보!$A:$A,장소정보!$B:$B,"") -> #NAME? | D11: =XLOOKUP(B11,장소정보!$A:$A,장소정보!$C:$C,"") -> #NAME? | E11: =XLOOKUP(B11,장소정보!$A:$A,장소정보!$D:$D,"") -> #NAME? | F11: =XLOOKUP(B11,장소정보!$A:$A,장소정보!$E:$E,"") -> #NAME? | G11: =XLOOKUP(B11,장소정보!$A:$A,장소정보!$F:$F,"") -> #NAME? | H11: =추천정보!C11 -> 공부 | I11: =추천정보!D11 -> 조용한곳 | J11: =추천정보!E11 -> 혼자 | K11: =추천정보!F11 -> 0 | L11: =추천정보!G11 -> 자습 및 과제 | M11: =추천정보!I11 -> X
A12: =추천정보!A12 -> R011 | B12: =추천정보!B12 -> 4 | C12: =XLOOKUP(B12,장소정보!$A:$A,장소정보!$B:$B,"") -> #NAME? | D12: =XLOOKUP(B12,장소정보!$A:$A,장소정보!$C:$C,"") -> #NAME? | E12: =XLOOKUP(B12,장소정보!$A:$A,장소정보!$D:$D,"") -> #NAME? | F12: =XLOOKUP(B12,장소정보!$A:$A,장소정보!$E:$E,"") -> #NAME? | G12: =XLOOKUP(B12,장소정보!$A:$A,장소정보!$F:$F,"") -> #NAME? | H12: =추천정보!C12 -> 독서 | I12: =추천정보!D12 -> 비오는날 | J12: =추천정보!E12 -> 가족 | K12: =추천정보!F12 -> 0 | L12: =추천정보!G12 -> 가족 독서 시간 | M12: =추천정보!I12 -> X
A13: =추천정보!A13 -> R012 | B13: =추천정보!B13 -> 4 | C13: =XLOOKUP(B13,장소정보!$A:$A,장소정보!$B:$B,"") -> #NAME? | D13: =XLOOKUP(B13,장소정보!$A:$A,장소정보!$C:$C,"") -> #NAME? | E13: =XLOOKUP(B13,장소정보!$A:$A,장소정보!$D:$D,"") -> #NAME? | F13: =XLOOKUP(B13,장소정보!$A:$A,장소정보!$E:$E,"") -> #NAME? | G13: =XLOOKUP(B13,장소정보!$A:$A,장소정보!$F:$F,"") -> #NAME? | H13: =추천정보!C13 -> 진로 | I13: =추천정보!D13 -> 시험기간 | J13: =추천정보!E13 -> 친구 | K13: =추천정보!F13 -> 0 | L13: =추천정보!G13 -> 진로 자료 탐색 | M13: =추천정보!I13 -> X
... A16: =추천정보!A16 -> R015 | B16: =추천정보!B16 -> 5 | C16: =XLOOKUP(B16,장소정보!$A:$A,장소정보!$B:$B,"") -> #NAME? | D16: =XLOOKUP(B16,장소정보!$A:$A,장소정보!$C:$C,"") -> #NAME? | E16: =XLOOKUP(B16,장소정보!$A:$A,장소정보!$D:$D,"") -> #NAME? | F16: =XLOOKUP(B16,장소정보!$A:$A,장소정보!$E:$E,"") -> #NAME? | G16: =XLOOKUP(B16,장소정보!$A:$A,장소정보!$F:$F,"") -> #NAME? | H16: =추천정보!C16 -> 간식 | I16: =추천정보!D16 -> 여행 | J16: =추천정보!E16 -> 가족 | K16: =추천정보!F16 -> 20000 | L16: =추천정보!G16 -> 감자빵 먹기 | M16: =추천정보!I16 -> X

Sheet 실습안내
A1: 강원생활도우미앱 3.0 실습 안내
A3: 핵심 변화 | B3: 기존에는 장소 1개가 추천조건 1개만 가진 것처럼 보였습니다. 이제 장소정보와 추천정보를 분리하여 장소 1개에 여러 추천활동이 연결되도록 확장했습니다.
A4: 왜 두 시트가 필요한가? | B4: 강릉 시립도서관처럼 하나의 장소가 공부, 독서, 팀플 등 여러 활동과 연결될 수 있기 때문입니다. 한 시트에 모두 넣으면 장소명, 지역, 실내여부, 평점이 반복됩니다.
A5: 공통 열 | B5: place_id
A6: 관계 | B6: 장소정보 1개 행 : 추천정보 여러 행 = 1:N 관계
A7: Streamlit 실습 흐름 | B7: ① 장소정보 시트 읽기 → ② 추천정보 시트 읽기 → ③ place_id 기준 조인 → ④ 지역·추천목적·추천상황·추천대상·예산으로 검색
A9: 시트 설명
A10: 기존데이터 | B10: 업로드한 원본 구조를 보존한 시트입니다.
A11: 장소정보 | B11: 장소의 고정 정보만 모은 시트입니다. 예: 이름, 지역, 유형, 실내여부, 평점
A12: 추천정보 | B12: 장소별로 여러 개 만들 수 있는 추천 활동 정보입니다. 예: 추천목적, 추천상황, 추천대상, 예산, 추천활동
A13: 조인결과예시 | B13: 추천정보를 기준으로 장소정보를 붙인 결과 예시입니다. Streamlit에서는 pandas merge로 이 결과를 만듭니다.

Sheet 요약
A1: 요약 지표 | B1: 값
A2: 장소 수 | B2: =COUNTA(장소정보!A2:A100) -> 5
A3: 추천활동 수 | B3: =COUNTA(추천정보!A2:A100) -> 15
A4: 평균 예산 | B4: =AVERAGE(추천정보!F2:F100) -> 5133.3333
A5: 무료 활동 수 | B5: =COUNTIF(추천정보!F2:F100,0) -> 9
A7: 수업 핵심 질문
A8: 1 | B8: 왜 장소정보와 추천정보를 한 시트에 모두 넣지 않았을까요?
A9: 2 | B9: place_id가 두 시트를 연결할 때 어떤 역할을 할까요?
A10: 3 | B10: 조인 후에는 어떤 검색 조건을 추가할 수 있을까요?
A11: 4 | B11: 같은 장소의 전화번호나 평점이 바뀐다면 어느 시트만 수정하면 될까요?
A12: 5 | B12: 이 구조가 데이터베이스의 기본키·외래키 개념과 어떻게 연결될까요?
